Workbook

Sheet ShuntCalc
A1: Shunt Voltage Reference - External Resistor Quick Start Calculator
N2: About
A4: Using this Tool | F4: ="1) Rs Quick Start " & R24 -> 1) Rs Quick Start
A5: 1) Use Rs Quick Start to calculate valid resistor values for given supply and load bounds. IQ bounds are specific to the part, and are in the datasheet. 1. Enter reference voltage 2. Enter IQ bounds from part datasheet 3. Enter Voltage supply and Load current bounds. If configuration is not supported, RS values will highlight red. Adjust VIN or load such that RS-MAX is greater than or equal to RS-MIN Note: Keep power dissipation and component heating in mind when selecting a resistor for a design. Power dissipation for Rs Quick Start is shown when VIN is at VIN-MAX | J5: Value | L5: Unit
G6: Reference Voltage (VREF) | J6: 2.5 | L6: V
J7: Min | K7: Max | L7: Unit
G8: Voltage Supply Bounds | J8: 3 | K8: 5.5 | L8: V
G9: Load Current Bounds | J9: 0.001 | K9: 0.002 | L9: A
G10: IQ Bounds | J10: 5e-05 | K10: 0.015 | L10: A
A12: 2) Use Schematic Overlay to view calculated values for a specific case. VREF and IQ bounds are linked from Rs Quick Start. Change VIN, Load, RS to see effect on circuit. | J12: Value | K12: Nearest 1% | M12: Nearest 5% | Q12: resistor calc | R12: R lookup
H13: RS_MIN | J13: =IF(Q13/1000>1,CONCATENATE(TEXT(Q13/1000,"##0.0##")," kΩ"),CONCATENATE(TEXT(Q13,"##0.0")," Ω")) -> 187.5 Ω | K13: =CONCATENATE(IF(R13/1000>=1,CONCATENATE(TEXT(R13/1000,"###.###")," kΩ"),CONCATENATE(TEXT(R13,"###.0#")," Ω"))," (",R17,")") -> 196.0 Ω (45.9 mW) | M13: =CONCATENATE(IF(S13/1000>=1,CONCATENATE(TEXT(S13/1000,"###.###")," kΩ"),CONCATENATE(TEXT(S13,"###.0#")," Ω"))," (",S17,")") -> 200.0 Ω (45.0 mW) | Q13: =(K8-J6)/(J9+K10) -> 187.5 | R13: =INDEX(Rs!D2:D652,MATCH(Q13,Rs!D2:D652,-1)) -> 196 | S13: =INDEX(Rs!E2:E169,MATCH(Q13,Rs!E2:E169,-1)) -> 200
A14: Note: IQ will show 0 mA if there is not enough supply current (ITOTAL) to power the device and the load (e.g. VIN is too low, R is too high, load is too high) | H14: RS_MAX | J14: =IF(Q14/1000>1,CONCATENATE(TEXT(Q14/1000,"###.###")," kΩ"),CONCATENATE(TEXT(Q14,"###.#")," Ω")) -> 243.9 Ω | K14: =IFERROR(CONCATENATE(IF(R14/1000>=1,CONCATENATE(TEXT(R14/1000,"###.0##")," kΩ"),CONCATENATE(TEXT(R14,"###.0#")," Ω"))," (",R18,")"),"Error") -> 243.0 Ω (37.0 mW) | M14: =IFERROR(CONCATENATE(IF(S14/1000>=1,CONCATENATE(TEXT(S14/1000,"##0.0##")," kΩ"),CONCATENATE(TEXT(S14,"##0.0#")," Ω"))," (",S18,")"),"Error") -> 240.0 Ω (37.5 mW) | Q14: =(J8-J6)/(K9+J10) -> 243.90244 | R14: =INDEX(Rs!A2:A652,MATCH(Q14,Rs!A2:A652)) -> 243 | S14: =INDEX(Rs!B2:B169,MATCH(Q14,Rs!B2:B169)) -> 240
F15: =CONCATENATE(Q24,Q25,Q26,Q27,Q28,Q29) -> No Errors | Q15: power | R15: =($K$8-$J$6)^2/R13 -> 0.045918367 | S15: =($K$8-$J$6)^2/S13 -> 0.045
A16: Note: Hover over cells with a red triangle in top right corner for more details (this cell is an example) | R16: =($K$8-$J$6)^2/R14 -> 0.037037037 | S16: =($K$8-$J$6)^2/S14 -> 0.0375
R17: =IF(R15*1000>=1,CONCATENATE(TEXT(R15*1000,"0.0")," mW"),IF(R15*1000000>=1,CONCATENATE(TEXT(R15*1000000,"0.0")," μW"),CONCATENATE(TEXT(R15,"##0.0#"),"W"))) -> 45.9 mW | S17: =IF(S15*1000>=1,CONCATENATE(TEXT(S15*1000,"0.0")," mW"),IF(S15*1000000>=1,CONCATENATE(TEXT(S15*1000000,"0.0")," μW"),CONCATENATE(TEXT(S15,"##0.0#"),"W"))) -> 45.0 mW
R18: =IF(R16*1000>=1,CONCATENATE(TEXT(R16*1000,"0.0")," mW"),IF(R16*1000000>=1,CONCATENATE(TEXT(R16*1000000,"0.0")," μW"),CONCATENATE(TEXT(R16,"##0.0#"),"W"))) -> 37.0 mW | S18: =IF(S16*1000>=1,CONCATENATE(TEXT(S16*1000,"0.0")," mW"),IF(S16*1000000>=1,CONCATENATE(TEXT(S16*1000000,"0.0")," μW"),CONCATENATE(TEXT(S16,"##0.0#"),"W"))) -> 37.5 mW
A19: Input/Output Color Legend | G19: ="2) Schematic Overlay " & R32 -> 2) Schematic Overlay
A20: Input | B20: Output | F20: Inputs | G20: Value | H20: Unit
A21: User Input | B21: Calculated Value OK | F21: VREF | G21: =J6 -> 2.5 | H21: V | K21: = | L21: =CONCATENATE(G24," V") -> 3.8 V | Q21: R index | R21: =IFERROR(MATCH(G26,Rs!A2:A652,0),-1) -> 215 | S21: =IFERROR(MATCH(G26,Rs!B2:B652,0),-1) -> -1
F22: IQmin | G22: =J10 -> 5e-05 | H22: A | Q22: count errors | R22: =COUNTA(Q25:Q29)-COUNTIF(Q25:Q29,"") -> 0
A23: Input Value NOT-OK | B23: Calculated Value NOT-OK | F23: IQmax | G23: =K10 -> 0.015 | H23: A | Q23: part 1 errors
F24: VIN | G24: 3.8 | H24: V | I24: ITotal: | J24: =CONCATENATE(ROUND(G28*1000,3)," mA") -> 6.19 mA | K24: RS= | L24: =IF(G26/1000>=1,CONCATENATE(TEXT(G26/1000,"##0.000")," kΩ"),CONCATENATE(TEXT(G26,"##0.0#")," Ω")) -> 210.0 Ω | M24: =CONCATENATE(TEXT(G30,"0.0##"), " V (",TEXT(G30*G28*1000,"#0.0##")," mW)") -> 1.3 V (8.048 mW) | Q24: =IF(R22=0,"No Errors","") -> No Errors | R24: =IF(R22=0,"","(Errors: "&R22&")")
F25: ILoad | G25: 0.0025 | H25: A | Q25: =IF(J8>K8,"Error: VINmin > VINmax" & CHAR(10),"")
F26: R | G26: 210 | H26: Ω | L26: VREF = | M26: =CONCATENATE(G21," V") -> 2.5 V | Q26: =IF(K9<J9,"Error: I_Load Min > I_Load Max" & CHAR(10),"")
A27: Resistor Equations | F27: Calculations | Q27: =IF(K10<J10,"Error: IQ Min> IQ Max" & CHAR(10),"")
F28: ITotal | G28: =G30/G26 -> 0.0061904762 | H28: A | L28: ILoad: | M28: =CONCATENATE(ROUND(G25*1000,4)," mA") -> 2.5 mA | Q28: =IF(Q13>Q14,"Error: Rs_min > Rs_max. Vin or Load bounds too wide, or VREF >= VINmin" & CHAR(10),"")
F29: IQ | G29: =IF(G28-G25>0,G28-G25,0) -> 0.0036904762 | H29: A | I29: IQ: | J29: =CONCATENATE(ROUND(G29*1000,3)," mA") -> 3.69 mA | Q29: =IF(J6>=J8,"Error: VREF >= VINmin" & CHAR(10),"")
F30: VRs | G30: =IF(G24-G21>0,G24-G21,0) -> 1.3 | H30: V
F31: PRs | G31: =G28*G30 -> 0.008047619 | H31: W | Q31: part 2 errors | R31: count errors | S31: =COUNTA(Q33:Q35)-COUNTIF(Q33:Q35,"") -> 0
A32: Useful Links | F32: =CONCATENATE(Q32,Q33,Q34,Q35,Q36) -> No Errors | Q32: =IF(AND(S31=0,Q36=""),"No Errors","") -> No Errors | R32: =IF(S31=0,"","(Errors: "&S31&")")
A33: TI Voltage References (ti.com/vref) | Q33: =IF(G21>=G24,"Error: VREF >= VINmin" & CHAR(10),"")
A34: WEBENCH Voltage Reference Selection Tool Instructions | Q34: =IFERROR(IF(G29<J10,"Error: I_Q < I_Qmin. Try reducing load current or reducing R"&CHAR(10),""),"Error: Calculation Error. Inputs must be strictly numbers, and cannot have units (e.g R: 3.3k is invalid, please use 3300)")
A35: WEBENCH Voltage Reference Selection Tool | Q35: =IFERROR(IF(G29>K10,"Error: IQ > IQmax." &CHAR(10) &"Try increasing R." & CHAR(10),""),"")
Q36: =IF(G29=K10,"Warning: IQ calculated equal to IQmax. Consider using a larger resistor to decrease IQ","")

Sheet Rs
A1: 1% Ascending | B1: 5% Ascending | D1: 1% Descending | E1: 5% Descending
A2: 1 | B2: 1 | D2: 9760000 | E2: 9100000 | J2: =K2/10 -> 1 | K2: 10 | L2: =K2*10 -> 100 | M2: =L2*10 -> 1000 | N2: =M2*10 -> 10000 | O2: =N2*10 -> 100000 | P2: =O2*10 -> 1000000
A3: 1.02 | B3: 1.1 | D3: 9530000 | E3: 8200000 | J3: =K3/10 -> 1.02 | K3: 10.2 | L3: =K3*10 -> 102 | M3: =L3*10 -> 1020 | N3: =M3*10 -> 10200 | O3: =N3*10 -> 102000 | P3: =O3*10 -> 1020000
A4: 1.05 | B4: 1.2 | D4: 9310000 | E4: 7500000 | J4: =K4/10 -> 1.05 | K4: 10.5 | L4: =K4*10 -> 105 | M4: =L4*10 -> 1050 | N4: =M4*10 -> 10500 | O4: =N4*10 -> 105000 | P4: =O4*10 -> 1050000
A5: 1.07 | B5: 1.3 | D5: 9090000 | E5: 6800000 | J5: =K5/10 -> 1.07 | K5: 10.7 | L5: =K5*10 -> 107 | M5: =L5*10 -> 1070 | N5: =M5*10 -> 10700 | O5: =N5*10 -> 107000 | P5: =O5*10 -> 1070000
A6: 1.1 | B6: 1.5 | D6: 8870000 | E6: 6200000 | J6: =K6/10 -> 1.1 | K6: 11 | L6: =K6*10 -> 110 | M6: =L6*10 -> 1100 | N6: =M6*10 -> 11000 | O6: =N6*10 -> 110000 | P6: =O6*10 -> 1100000
A7: 1.13 | B7: 1.6 | D7: 8660000 | E7: 5600000 | J7: =K7/10 -> 1.13 | K7: 11.3 | L7: =K7*10 -> 113 | M7: =L7*10 -> 1130 | N7: =M7*10 -> 11300 | O7: =N7*10 -> 113000 | P7: =O7*10 -> 1130000
A8: 1.15 | B8: 1.8 | D8: 8450000 | E8: 5100000 | J8: =K8/10 -> 1.15 | K8: 11.5 | L8: =K8*10 -> 115 | M8: =L8*10 -> 1150 | N8: =M8*10 -> 11500 | O8: =N8*10 -> 115000 | P8: =O8*10 -> 1150000
A9: 1.18 | B9: 2 | D9: 8250000 | E9: 4700000 | J9: =K9/10 -> 1.18 | K9: 11.8 | L9: =K9*10 -> 118 | M9: =L9*10 -> 1180 | N9: =M9*10 -> 11800 | O9: =N9*10 -> 118000 | P9: =O9*10 -> 1180000
A10: 1.21 | B10: 2.2 | D10: 8060000 | E10: 4300000 | J10: =K10/10 -> 1.21 | K10: 12.1 | L10: =K10*10 -> 121 | M10: =L10*10 -> 1210 | N10: =M10*10 -> 12100 | O10: =N10*10 -> 121000 | P10: =O10*10 -> 1210000
A11: 1.24 | B11: 2.4 | D11: 7870000 | E11: 3900000 | J11: =K11/10 -> 1.24 | K11: 12.4 | L11: =K11*10 -> 124 | M11: =L11*10 -> 1240 | N11: =M11*10 -> 12400 | O11: =N11*10 -> 124000 | P11: =O11*10 -> 1240000
A12: 1.27 | B12: 2.7 | D12: 7680000 | E12: 3600000 | J12: =K12/10 -> 1.27 | K12: 12.7 | L12: =K12*10 -> 127 | M12: =L12*10 -> 1270 | N12: =M12*10 -> 12700 | O12: =N12*10 -> 127000 | P12: =O12*10 -> 1270000
A13: 1.3 | B13: 3 | D13: 7500000 | E13: 3300000 | J13: =K13/10 -> 1.3 | K13: 13 | L13: =K13*10 -> 130 | M13: =L13*10 -> 1300 | N13: =M13*10 -> 13000 | O13: =N13*10 -> 130000 | P13: =O13*10 -> 1300000
... A94: 9.76 | B94: 6800 | D94: 1000000 | E94: 1300 | J94: =K94/10 -> 9.76 | K94: 97.6 | L94: =K94*10 -> 976 | M94: =L94*10 -> 9760 | N94: =M94*10 -> 97600 | O94: =N94*10 -> 976000 | P94: =O94*10 -> 9760000
A95: 10 | B95: 7500 | D95: 976000 | E95: 1200
A96: 10.2 | B96: 8200 | D96: 953000 | E96: 1100
A97: 10.5 | B97: 9100 | D97: 931000 | E97: 1000
A98: 10.7 | B98: 10000 | D98: 909000 | E98: 910
A99: 11 | B99: 11000 | D99: 887000 | E99: 820
A100: 11.3 | B100: 12000 | D100: 866000 | E100: 750
A101: 11.5 | B101: 13000 | D101: 845000 | E101: 680
A102: 11.8 | B102: 15000 | D102: 825000 | E102: 620
A103: 12.1 | B103: 16000 | D103: 806000 | E103: 560
A104: 12.4 | B104: 18000 | D104: 787000 | E104: 510
A105: 12.7 | B105: 20000 | D105: 768000 | E105: 470
A106: 13 | B106: 22000 | D106: 750000 | E106: 430
... A169: 63.4 | B169: 9100000 | D169: 154000 | E169: 1
A170: 64.9 | D170: 150000
A171: 66.5 | D171: 147000
A172: 68.1 | D172: 143000
A173: 69.8 | D173: 140000
A174: 71.5 | D174: 137000
A175: 73.2 | D175: 133000
A176: 75 | D176: 130000
A177: 76.8 | D177: 127000
A178: 78.7 | D178: 124000
A179: 80.6 | D179: 121000
A180: 82.5 | D180: 118000
A181: 84.5 | D181: 115000
... A652: 9760000 | D652: 1
